{"cameraMode":{"drawMode":0,"name":"Shaded","section":"Shading Mode"},"sceneLighting":false,"audioPlay":false,"sceneViewState":{"showFog":true,"showMaterialUpdate":false,"showSkybox":false,"showFlares":true,"showImageEffects":true,"showParticleSystems":true},"in2DMode":false,"pivot":{"x":3.6244983673095705,"y":0.0,"z":1.2561883926391602},"rotation":{"x":0.04085918515920639,"y":0.9066286683082581,"z":-0.41011735796928408,"w":0.09032564610242844},"size":12.417309761047364,"orthographic":false}