{"cameraMode":{"drawMode":0,"name":"Shaded","section":"Shading Mode"},"sceneLighting":false,"audioPlay":false,"sceneViewState":{"showFog":true,"showMaterialUpdate":false,"showSkybox":false,"showFlares":true,"showImageEffects":true,"showParticleSystems":true},"in2DMode":false,"pivot":{"x":0.5099997520446777,"y":1.1704210042953492,"z":1.9900002479553223},"rotation":{"x":-0.20464973151683808,"y":-0.38279595971107485,"z":0.08737023919820786,"w":-0.8966338038444519},"size":30.416748046875,"orthographic":false}